"cntry_key","year","percent"
"RUS",1998,13.17624843
"RUS",2000,10.56215371
"RUS",2001,8.94733659000001
"RUS",2002,7.85976352
"RUS",2003,8.20281464
"RUS",2004,7.7360041
"RUS",2005,7.12976951
"RUS",2006,7.11110773
"RUS",2007,6.05470259000001
"RUS",2008,6.26581421
"RUS",2009,8.15948227
"RUS",2010,6.4700490301
